id,name,shortname,strasse,bezirk,plz_ort,von,bis,oeffnungszeiten,Mo,Di,Mi,Do,Fr,Sa,So,closed-exc,hours-exc,w3,bemerkungen,bemerkungen_en,lat,lng,ignore,immer-kostenlos,international,barrierefrei,action,short_distance,train,image,urheberschaft
183,Smash Burger,Smash Burger,"Landsberger Allee, Rotes Rathaus, Alexander Platz",Mitte," Berlin",01.11.24,28.12.24,14:00 Uhr bis 23:00 Uhr,14:00-23:00,14:00-23:00,14:00-23:00,14:00-23:00,14:00-23:00,14:00-23:00,14:00-23:00,,,/,/,/,52.5191,13.4086,1,0,0,0,0,1,"U Klosterstr. (Berlin), U Rotes Rathaus (Berlin), S+U Alexanderplatz Bhf (Berlin)",placeholder.png,"freestocks.org, CC BY-SA 4.0 via Wikimedia Commons"
60,Winterzauber Weihnachtsmarkt,Winterzauber Weihnachtsmarkt,Möllhausenufer 30,Treptow-Köpenick,12555 Berlin,01.11.24,31.12.24,12:00 - 20:00 Uhr,12:00-20:00,12:00-20:00,12:00-20:00,12:00-20:00,12:00-20:00,12:00-20:00,12:00-20:00,0,0,https://strandbad-wendenschloss.berlin,/,/,52.4152,13.6002,0,1,0,0,0,0,,Winterzauber_im_Advent.jpg,Copyright: Kira Hofmann
63,Kunsthandwerklicher Weihnachtsmarkt Mexikoplatz,Kunsthandwerklicher Weihnachtsmarkt Mexikoplatz,Mexikoplatz und Bülowstraße 1-8,Steglitz-Zehlendorf,14163 Berlin,01.12.24,22.12.2024,11:00 - 18:00 Uhr,0,0,0,0,0,0,0,"02.12.24, 03.12.24 , 04.12.24, 05.12.24,  06.12.24, 07.12.24, 09.12.24, 10.12.24, 11.12.24, 12.12.24, 13.12.24, 14.12.24, 16.12.24, 17.12.24, 18.12.24, 19.12.24, 20.12.24, 21.12.24",0,https://kunsthand-berlin.de/,"Es werden nur handgefertigte Objekte kleiner Ateliers und Werkstätten gezeigt, die Kunsthandwerker sind vor Ort.
Keine Handels-/Importware! Kein Rahmenprogramm.","Only handmade objects from small ateliers and workshops are shown, the artisans are on site.
No commercial/imported goods! No supporting programme.",52.437,13.2327,0,1,0,0,0,1,S Mexikoplatz (Berlin),Mexikoplatz_Weihnachtsmarkt.jpg,"Colin Smith, CC BY-SA 2.0 via Wikimedia Commons"
66,Kunsthandwerklicher Weihnachtsmarkt Mexikoplatz,Kunsthandwerklicher Weihnachtsmarkt Mexikoplatz,Mexikoplatz und Bülowstraße 1-8,Steglitz-Zehlendorf,14163 Berlin,08.12.24,08.12.24,11:00 - 18:00 Uhr,0,0,0,0,0,0,11:00-18:00,,,https://kunsthand-berlin.de/,"Es werden nur handgefertigte Objekte kleiner Ateliers und Werkstätten gezeigt, die Kunsthandwerker sind vor Ort.
Keine Handels-/Importware! Kein Rahmenprogramm.","Only handmade objects from small ateliers and workshops are shown, the artisans are on site.
No commercial/imported goods! No supporting programme.",52.437,13.2327,1,1,0,0,0,1,S Mexikoplatz (Berlin),Mexikoplatz_Weihnachtsmarkt.jpg,"Colin Smith, CC BY-SA 2.0 via Wikimedia Commons"
102,Adventsökomarkt der Grünen Liga,Adventsökomarkt der Grünen Liga,Wörtherstraße am Kollwitzplatz - zwischen Knaackstraße und Kollwitzstraße,Pankow,10405 Berlin,01.12.24,22.12.24,12:00 - 19:00 Uhr,0,0,0,0,0,0,12:00-19:00,"02.12.24, 03.12.24 , 04.12.24, 05.12.24,  06.12.24, 07.12.24, 09.12.24, 10.12.24, 11.12.24, 12.12.24, 13.12.24, 14.12.24, 16.12.24, 17.12.24, 18.12.24, 19.12.24, 20.12.24, 21.12.24",0,https://www.grueneliga-berlin.de,"Neben dem Adventsökomarkt bleibt der wöchentliche Donnerstag Ökomarkt am Kollwitzplatz bestehen und findet immer von 12.00 bis 19.00 Uhr statt (jeden Donnerstag und an den Adventssonntagen (1.12., 8.12. 15.12. und 22. 12. 2024).","In addition to the Advent ecomarket, the weekly Thursday ecomarket on Kollwitzplatz will continue to take place from 12am to 7pm (every Thursday and on Advent Sundays (1 December, 8 December, 15 December and 22 December 2024).",52.5366,13.4175,0,1,0,0,0,0,,placeholder.png,"freestocks.org, CC BY-SA 4.0 via Wikimedia Commons"
105,Adventsökomarkt der Grünen Liga,Adventsökomarkt der Grünen Liga,Wörtherstraße am Kollwitzplatz - zwischen Knaackstraße und Kollwitzstraße,Pankow,10405 Berlin,08.12.24,08.12.24,12:00 - 19:00 Uhr,0,0,0,0,0,0,12:00-19:00,0,0,https://www.grueneliga-berlin.de,"Neben dem Adventsökomarkt bleibt der wöchentliche Donnerstag Ökomarkt am Kollwitzplatz bestehen und findet immer von 12.00 bis 19.00 Uhr statt (jeden Donnerstag und an den Adventssonntagen (1.12., 8.12. 15.12. und 22. 12. 2024).","In addition to the Advent ecomarket, the weekly Thursday ecomarket on Kollwitzplatz will continue to take place from 12am to 7pm (every Thursday and on Advent Sundays (1 December, 8 December, 15 December and 22 December 2024).",52.5366,13.4175,1,1,0,0,0,0,,placeholder.png,"freestocks.org, CC BY-SA 4.0 via Wikimedia Commons"
108,Adventsökomarkt der Grünen Liga,Adventsökomarkt der Grünen Liga,Wörtherstraße am Kollwitzplatz - zwischen Knaackstraße und Kollwitzstraße,Pankow,10405 Berlin,15.12.24,15.12.24,12:00 - 19:00 Uhr,0,0,0,0,0,0,12:00-19:00,,,https://www.grueneliga-berlin.de,"Neben dem Adventsökomarkt bleibt der wöchentliche Donnerstag Ökomarkt am Kollwitzplatz bestehen und findet immer von 12.00 bis 19.00 Uhr statt (jeden Donnerstag und an den Adventssonntagen (1.12., 8.12. 15.12. und 22. 12. 2024).","In addition to the Advent ecomarket, the weekly Thursday ecomarket on Kollwitzplatz will continue to take place from 12am to 7pm (every Thursday and on Advent Sundays (1 December, 8 December, 15 December and 22 December 2024).",52.5366,13.4175,1,1,0,0,0,0,,placeholder.png,"freestocks.org, CC BY-SA 4.0 via Wikimedia Commons"
111,Adventsökomarkt der Grünen Liga,Adventsökomarkt der Grünen Liga,Wörtherstraße am Kollwitzplatz - zwischen Knaackstraße und Kollwitzstraße,Pankow,10405 Berlin,22.12.24,22.12.24,12:00 - 19:00 Uhr,0,0,0,0,0,0,12:00-19:00,,,https://www.grueneliga-berlin.de,"Neben dem Adventsökomarkt bleibt der wöchentliche Donnerstag Ökomarkt am Kollwitzplatz bestehen und findet immer von 12.00 bis 19.00 Uhr statt (jeden Donnerstag und an den Adventssonntagen (1.12., 8.12. 15.12. und 22. 12. 2024).","In addition to the Advent ecomarket, the weekly Thursday ecomarket on Kollwitzplatz will continue to take place from 12am to 7pm (every Thursday and on Advent Sundays (1 December, 8 December, 15 December and 22 December 2024).",52.5366,13.4175,1,1,0,0,0,0,,placeholder.png,"freestocks.org, CC BY-SA 4.0 via Wikimedia Commons"
99,Adventsbasar an der Heilandskirche,Adventsbasar an der Heilandskirche,Thusnelda-Allee 1,Mitte,10555 Berlin,01.12.24,01.12.24,12:00 -18:00 Uhr,0,0,0,0,0,0,12:00-18:00,0,0,https://www.marktzeit.berlin/,Adventsmarkt findet nur am 1. Advent statt.,Advent market only takes place on 1st Advent.,52.5261,13.3398,0,1,0,0,0,1,U Turmstr. (Berlin),placeholder.png,"freestocks.org, CC BY-SA 4.0 via Wikimedia Commons"
84,Adventsmarkt,Adventsmarkt,Schönwalder Allee 26,Spandau,13587 Berlin,01.12.24,01.12.24,"11 Uhr Gottesdienst Danach Markt rund um die Stiftskirche (12-19 Uhr). Posaunenmusik, christliche Weihnachtstraditionen.",0,0,0,0,0,0,12:00-19:00,,,https://www.evangelisches-johannesstift.de,/,/,52.5705,13.1955,0,1,0,0,0,0,,placeholder.png,"freestocks.org, CC BY-SA 4.0 via Wikimedia Commons"
147,Ökumenischer Adventsbasar im Pfarrgarten,Ökumenischer Adventsbasar im Pfarrgarten,Alt-Lübars 24,Reinickendorf,12469 Berlin,01.12.24,01.12.24,12:00 Uhr - 17:00 Uhr,0,0,0,0,0,0,12:00-17:00,0,0,/,Rufnummer der Küsterei: 030 402 30 14,Telephone number of the sexton's office: 030 402 30 14,52.6212,13.3566,0,1,0,0,0,0,,placeholder.png,"freestocks.org, CC BY-SA 4.0 via Wikimedia Commons"
93,46. Lichtenrader Lichtermarkt,46. Lichtenrader Lichtermarkt,Rund um den Dorfteich an der alten Dorfkirche,Tempelhof-Schöneberg,12309 Berlin,01.12.24,01.12.24,13:00 - 19:00 Uhr,0,0,0,0,0,0,13:00-19:00,0,0,https://www.berlin.de/ba-ts/lichtenrader-lichtermarkt,"Er ist eine feste Größe in den Veranstaltungskalendern im vorweihnachtlichen Berlin: der Lichtenrader Lichtermarkt. Rund 100 Vereine, Initiativen und gemeinnützige Organisationen präsentieren ihre Angebote an einem Stand und läuten die Adventszeit in Tempelhof-Schöneberg mit ein.  Es werden unter anderem verschiedenste Bastel- und Handarbeiten, Keramik, Holzwaren, Imkererzeugnisse, Nostalgisches, kunstgewerbliche Arbeiten und Spielsachen zum Verkauf angeboten. Kulinarische Köstlichkeiten laden an den weihnachtlich geschmückten Ständen in friedvoller Atmosphäre des ehemaligen Dorfkerns zum Verweilen ein. Lassen Sie sich vom Lichterglanz verzaubern und in vorweihnachtliche Stimmung versetzen!  Eintritt frei!  Der Lichtermarkt ist nicht gewinnorientiert. Die Einnahmeüberschüsse werden sozialen Zwecken zugeführt.","It is a permanent fixture in the pre-Christmas calendar of events in Berlin: the Lichtenrader Lichtermarkt. Around 100 associations, initiatives and non-profit organisations present their offerings at a stand and help ring in the Advent season in Tempelhof-Schöneberg.  A wide variety of handicrafts, ceramics, wooden goods, beekeeping products, nostalgic items, handicrafts and toys will be on sale. Culinary delights invite you to linger at the festively decorated stalls in the peaceful atmosphere of the former village centre. Let yourself be enchanted by the twinkling lights and get into the pre-Christmas spirit!  Admission is free!  The market of lights (Lichtermarkt) is not profit-orientated. The surplus income is donated to social causes.",52.3906,13.4113,0,1,0,0,0,0,,placeholder.png,"freestocks.org, CC BY-SA 4.0 via Wikimedia Commons"
36,Adventsmarkt,Adventsmarkt,Alt-Marzahn 23,Marzahn-Hellersdorf,12685 Berlin,01.12.24,01.12.24,11:00 - 18:00,0,0,0,0,0,0,11:00-18:00,0,0,https://agrar-boerse-ev.de/inserat/kulturgut-alt-marzahn/,/,/,52.5442,13.5582,0,1,0,0,0,0,,placeholder.png,"freestocks.org, CC BY-SA 4.0 via Wikimedia Commons"
144,Adventsbasar,Adventsbasar,Thusnelda-Allee 1,Mitte,10551 Berlin,01.12.24,01.12.24,12:00 Uhr - 18:00 Uhr,0,0,0,0,0,0,12:00-18:00,0,0,/,/,/,52.5262,13.3398,0,1,0,0,0,1,U Turmstr. (Berlin),placeholder.png,"freestocks.org, CC BY-SA 4.0 via Wikimedia Commons"
21,Weihnachtsmarkt Storkow,Weihnachtsmarkt Storkow,Marktplatz Storkow - Am Markt 10,Storkow (Mark),15859 Storkow,06.12.24,08.12.24,14:00 - 20:00 Uhr,0,0,0,0,14:00-20:00,14:00-20:00,14:00-20:00,0,0,https://www.haupstadtkultur.berlin,"Freier Eintritt, Kinderkarussell, Food und Glühweinstände, Handel und Kunsthandwerk u.v.m.","Free admission, children's carousel, food and mulled wine stands, trade and handicrafts and much more.",52.2549,13.9311,0,1,0,0,1,0,,placeholder.png,"freestocks.org, CC BY-SA 4.0 via Wikimedia Commons"
114,29. Weihnachtsmarkt auf Lehmanns Bauernhof,29. Weihnachtsmarkt auf Lehmanns Bauernhof,Alt-Marienfelde 35-37,Tempelhof-Schöneberg,12277 Berlin,06.12.24,15.12.24,"Freitag: 14:00-20:00 Uhr
Samstag: 12:00-20:00 Uhr
Sonntag: 12:00-20:00 Uhr",0,0,0,0,14:00-20:00,14:00-20:00,14:00-20:00,"09.12.24, 10.12.24 , 11.12.24, 12.12.24",0,https://www.lehmannsbauernhof.de/,"Auf einem denkmalgeschützten Vierseitenhof, direkt gegenüber der Dorfkirche an der romantischen Dorfaue gelegen, findet zum 29. Mal ein familiär geprägter Weihnachtsmarkt statt. Der Fokus liegt auf Kunsthandwerk und außergewöhnlichen Geschenkidee, ergänzt durch weihnachtliche Gaumengenüsse.  Ein Bühnenprogramm, eine Märchenerzählerin sowie Ponyreiten und die Tiere des Hofes runden das Erlebnis bei freiem Eintritt ab.","For the 29th time, a family-orientated Christmas market is being held in a listed four-sided courtyard directly opposite the village church on the romantic Dorfaue. The focus is on arts and crafts and unusual gift ideas, complemented by Christmas treats.  A stage programme, a storyteller, pony rides and the farm animals round off the experience with free admission.",52.4118,13.3668,0,1,0,0,0,0,,placeholder.png,"freestocks.org, CC BY-SA 4.0 via Wikimedia Commons"
117,29. Weihnachtsmarkt auf Lehmanns Bauernhof,29. Weihnachtsmarkt auf Lehmanns Bauernhof,Alt-Marienfelde 35-37,Tempelhof-Schöneberg,12277 Berlin,13.12.24,15.12.24,"Freitag: 14:00-20:00 Uhr
Samstag: 12:00-20:00 Uhr
Sonntag: 12:00-20:00 Uhr",0,0,0,0,14:00-20:00,14:00-20:00,14:00-20:00,,,https://www.lehmannsbauernhof.de/,"Auf einem denkmalgeschützten Vierseitenhof, direkt gegenüber der Dorfkirche an der romantischen Dorfaue gelegen, findet zum 29. Mal ein familiär geprägter Weihnachtsmarkt statt. Der Fokus liegt auf Kunsthandwerk und außergewöhnlichen Geschenkideen,ergänzt durch weihnachtliche Gaumengenüsse.  Ein Bühnenprogramm, eine Märchenerzählerin sowie Ponyreiten und die Tiere des Hofes runden das Erlebnis bei freiem Eintritt ab.","For the 29th time, a family-orientated Christmas market is being held in a listed four-sided courtyard directly opposite the village church on the romantic Dorfaue. The focus is on arts and crafts and unusual gift ideas, complemented by Christmas treats.  A stage programme, a storyteller, pony rides and the farm animals round off the experience with free admission.",52.4118,13.3668,1,1,0,0,0,0,,placeholder.png,"freestocks.org, CC BY-SA 4.0 via Wikimedia Commons"
75,Adventsmarkt auf der Domäne Dahlem,Adventsmarkt auf der Domäne Dahlem,Königin-Luise-Str. 49,Steglitz-Zehlendorf,14195 Berlin,30.11.24,22.12.24,11:00 – 20:00 Uhr,0,0,0,0,0,11:00 – 20:00,11:00 – 20:00,"02.12.24, 03.12.24, 04.12.24, 05.12.24, 06.12.24, 09.12.24, 10.12.24, 11.12.24, 12.12.24, 13.12.24, 16.12.24, 17.12.24, 18.12.24, 19.12.24, 20.12.24",0,https://www.domaene-dahlem.de,"Direkt am U-Bahnhof Dahlem Dorf. Im besonderen Ambiente des historischen Gutshofes erwarten Sie erlesenes Kunsthandwerk und besondere Geschenkideen, Bastelangebote für Kinder und saisonale Leckereien. Eintrittspreise: regulär 3,50 €, ermäßigt 2,00 €, Kinder bis 12 Jahren frei","Directly at Dahlem Dorf U-station. Exquisite handicrafts and special gift ideas, craft activities for children and seasonal treats await you in the special ambience of the historic manor house. Admission prices: regular €3.50, reduced €2.00, children up to 12 years free",52.4587,13.2884,0,0,0,0,0,1,U Dahlem-Dorf (Berlin),placeholder.png,"freestocks.org, CC BY-SA 4.0 via Wikimedia Commons"
78,Adventsmarkt auf der Domäne Dahlem,Adventsmarkt auf der Domäne Dahlem,Königin-Luise-Str. 49,Steglitz-Zehlendorf,14195 Berlin,14.12.24,15.12.24,11:00 – 20:00 Uhr,0,0,0,0,0,,,,,https://www.domaene-dahlem.de,"Direkt am U-Bahnhof Dahlem Dorf. Im besonderen Ambiente des historischen Gutshofes erwarten Sie erlesenes Kunsthandwerk und besondere Geschenkideen, Bastelangebote für Kinder und saisonale Leckereien. Eintrittspreise: regulär 3,50 €, ermäßigt 2,00 €, Kinder bis 12 Jahren frei","Directly at Dahlem Dorf U-station. Exquisite handicrafts and special gift ideas, craft activities for children and seasonal treats await you in the special ambience of the historic manor house. Admission prices: regular €3.50, reduced €2.00, children up to 12 years free",52.4587,13.2884,1,0,0,0,0,1,U Dahlem-Dorf (Berlin),placeholder.png,"freestocks.org, CC BY-SA 4.0 via Wikimedia Commons"
81,Adventsmarkt auf der Domäne Dahlem,Adventsmarkt auf der Domäne Dahlem,Königin-Luise-Str. 49,Steglitz-Zehlendorf,14195 Berlin,21.12.24,22.12.24,11:00 – 20:00 Uhr,0,0,0,0,0,,,,,https://www.domaene-dahlem.de,"Direkt am U-Bahnhof Dahlem Dorf. Im besonderen Ambiente des historischen Gutshofes erwarten Sie erlesenes Kunsthandwerk und besondere Geschenkideen, Bastelangebote für Kinder und saisonale Leckereien. Eintrittspreise: regulär 3,50 €, ermäßigt 2,00 €, Kinder bis 12 Jahren frei","Directly at Dahlem Dorf U-station. Exquisite handicrafts and special gift ideas, craft activities for children and seasonal treats await you in the special ambience of the historic manor house. Admission prices: regular €3.50, reduced €2.00, children up to 12 years free",52.4587,13.2884,1,0,0,0,0,1,U Dahlem-Dorf (Berlin),placeholder.png,"freestocks.org, CC BY-SA 4.0 via Wikimedia Commons"
72,Adventsmarkt auf der Domäne Dahlem,Adventsmarkt auf der Domäne Dahlem,Königin-Luise-Str. 49,Steglitz-Zehlendorf,14195 Berlin,30.11.24,01.12.24,11:00 – 20:00 Uhr,0,0,0,0,0,,,,,https://www.domaene-dahlem.de,"Direkt am U-Bahnhof Dahlem Dorf. Im besonderen Ambiente des historischen Gutshofes erwarten Sie erlesenes Kunsthandwerk und besondere Geschenkideen, Bastelangebote für Kinder und saisonale Leckereien. Eintrittspreise: regulär 3,50 €, ermäßigt 2,00 €, Kinder bis 12 Jahren frei","Directly at Dahlem Dorf U-station. Exquisite handicrafts and special gift ideas, craft activities for children and seasonal treats await you in the special ambience of the historic manor house. Admission prices: regular €3.50, reduced €2.00, children up to 12 years free",52.4587,13.2884,1,0,0,0,0,1,U Dahlem-Dorf (Berlin),placeholder.png,"freestocks.org, CC BY-SA 4.0 via Wikimedia Commons"
189,Adventsmarkt auf der Domäne Dahlem,Adventsmarkt auf der Domäne Dahlem,Königin-Luise-Straße 49,Steglitz-Zehlendorf,14195 Berlin,"30.11.2024 /
07.12.2024 /
14.12.2024 /
21.12.2024","01.12.2024 /
08.12.2024 /
15.12.2024 /
22.12.2024",11:00 Uhr bis 20:00 Uhr,0,0,0,0,0,0,0,,,https://domaene-dahlem.de,"Eintritt 3,50 Euro für Erwachsene, ermäßigt 2,00 Euro, Kinder bis 12 Jahre Eintritt frei","Admission 3.50 euros for adults, reduced 2.00 euros, children up to 12 years free",52.4587,13.2884,1,1,0,0,0,1,U Dahlem-Dorf (Berlin),placeholder.png,"freestocks.org, CC BY-SA 4.0 via Wikimedia Commons"
90,Neuzeller Märchenweihnachtsmarkt,Neuzeller Märchenweihnachtsmarkt,"Frankfurter Straße, Brauhausplatz, Stiftsplatz",Neuzelle,15898 Neuzelle,07.12.24,08.12.24,"Samstag 12.00 - 20.00 Uhr
Sonntag 11.00 - 18.00 Uhr",0,0,0,0,0,12:00-20:00,11.00 - 18.00,0,0,https://www.tourismus.neuzelle.de,"Das Amt Neuzelle mit seinen 3 Gemeinden Lawitz, Neißemünde und Neuzelle lädt Sie herzlich ein, den Neuzeller Märchenweihnachtsmarkt im und am Kloster Neuzelle zu besuchen. Am 2. Adventswochenende ist es wieder soweit, der Neuzeller Märchenweihnachtsmarkt öffnet seine Pforten. Der Platz am und im Kloster verwandelt sich in eine große Märchenbühne. Lassen Sie sich verzaubern von der wunderschönen Adventsstimmung und genießen Sie die unverwechselbare vorweihnachtliche Atmosphäre am Kloster Neuzelle. 
 Seit einigen Jahren zählt der Neuzeller Märchenweihnachtsmarkt zu einem der Schönsten der Region. Gäste aus nah und fern lassen sich in den Bann des Adventszaubers ziehen. In Neuzelle können Sie an beiden Tagen in die Welt der Märchen eintauchen. Im Märchenwald können bekannte und weniger bekannte Märchen bestaunt werden – ein Spaß für Kinder und Erwachsene. Manchmal flitzen auch lebende und rätselhafte Märchenfiguren über den Platz und geben dem Neuzeller Märchenweihnachtsmarkt ein ganz besonderes Flair. 
 Kulinarisch können Sie sich an beiden Tagen verwöhnen lassen. Für den großen und kleinen Hunger gibt es ein breites Angebot köstlicher Spezialitäten – von süßen Leckereien bis zu deftig Herzhaftem, für jeden Geschmack ist etwas dabei. Umgeben von einem stimmungsvollen Ambiente können Sie schlemmen und genießen. 
 Wer noch ein passendes Weihnachtsgeschenk sucht, ist auf dem Neuzeller Märchenweihnachtsmarkt genau richtig. Zahlreiche Handwerker, Hobbykünstler, Vereine und Händler bieten an beiden Tagen ein breitgefächertes Warenangebot zum Verkauf an.
 Für die kleinen Gäste ist es sicherlich ein tolles Erlebnis mit der Ponykutsche zu fahren, mit dem Karussell durch die Lüfte zu schwingen oder am Lagerfeuer Stockkuchen zu backen. Ein ganz besonderer Höhepunkt wird es sein, wenn in den Nachmittagsstunden der Neuzeller Spielmannszug musikalisch einzieht und den Weihnachtsmann mitbringt. 
 Besonders romantisch ist es in den Abendstunden, wenn der Neuzeller Klosterteich und das Kloster stimmungsvoll im Lichtermeer erstrahlen und weihnachtliche Musik erklingt. 
 Erleben Sie zwei märchenhafte Tage in der Adventszeit und genießen Sie mit der Familie, Freunden oder Bekannten schöne Stunden auf dem Neuzeller Märchenweihnachtsmarkt.","Amt Neuzelle with its 3 municipalities of Lawitz, Neißemünde and Neuzelle cordially invites you to visit the Neuzell Fairytale Christmas Market in and around Neuzelle Monastery. On the 2nd weekend in Advent, the Neuzell Fairytale Christmas Market opens its doors once again. The square in and around the monastery is transformed into a large fairytale stage. Let yourself be enchanted by the wonderful Advent atmosphere and enjoy the pre-Christmas atmosphere at Neuzelle Monastery. 
 For several years now, the Neuzell Fairytale Christmas Market has been one of the most beautiful in the region. Guests from near and far fall under the spell of the Advent magic. In Neuzell, you can immerse yourself in the world of fairy tales on both days. Well-known and lesser-known fairy tales can be marvelled at in the fairy tale forest - fun for children and adults alike. Sometimes living and enigmatic fairy tale characters also flit across the square, giving the Neuzelle Fairy Tale Christmas Market a very special flair. 
 You can indulge in culinary delights on both days. There is a wide range of delicious specialities to satisfy both big and small appetites - from sweet treats to hearty savoury dishes, there is something for every taste. Surrounded by an atmospheric ambience, you can feast and savour. 
If you are still looking for a suitable Christmas present, the Neuzell Fairytale Christmas Market is the right place for you. Numerous craftspeople, hobby artists, clubs and traders offer a wide range of goods for sale on both days.
 Younger guests are sure to have a great time riding in a pony-drawn carriage, swinging through the air on a carousel or baking stick cakes by the campfire. A very special highlight will be when the Neuzell marching band plays music in the afternoon and brings Father Christmas with them. 
 It is particularly romantic in the evening hours when the Neuzell monastery pond and the monastery are lit up in an atmospheric sea of lights and Christmas music is played. 
 Experience two magical days in the Advent season and enjoy a wonderful time with family, friends or acquaintances at the Neuzell Fairytale Christmas Market.",52.0879,14.6481,0,1,0,0,0,0,,placeholder.png,"freestocks.org, CC BY-SA 4.0 via Wikimedia Commons"
129,Kunsthandwerklicher Weihnachtsmarkt Frohnau,Kunsthandwerklicher Weihnachtsmarkt Frohnau,Wiltinger Straße 1-16 und Zeltinger Platz,Reinickendorf,13465 Berlin,07.12.24,08.12.24,11:00 - 18:00 Uhr,0,0,0,0,0,11:00-18:00,11:00-18:00,0,0,https://kunsthand-berlin.de/,"Nur handgefertigte Objekte aus kleinen Ateliers und Werkstätten, keine Importware!","Only handmade objects from small ateliers and workshops, no imported goods!",52.6343,13.2903,0,1,0,0,0,1,S Frohnau (Berlin),placeholder.png,"freestocks.org, CC BY-SA 4.0 via Wikimedia Commons"
168,St George's Very Green Christmas Fair,St George's Very Green Christmas Fair,Preussenallee 17-19,Charlottenburg-Wilmersdorf,14052 Berlin,07.12.24,07.12.24,14:00 uhr bis 18:00 Uhr,0,0,0,0,0,14:00-18:00,0,0,0,/,/,/,52.513,13.2579,0,1,1,0,0,1,U Neu-Westend (Berlin),placeholder.png,"freestocks.org, CC BY-SA 4.0 via Wikimedia Commons"
171,Kunsthandwerklicher Weihnachtsmarkt vor dem Bröhan-Museum,Kunsthandwerklicher Weihnachtsmarkt vor dem Bröhan-Museum,Schloßstr. 1 A,Charlottenburg-Wilmersdorf,14059 Berlin,07.12.24,08.12.24,14:00 Uhr bis 20:00 Uhr,0,0,0,0,0,14:00-20:00,14:00-20:00,0,0,/,Kunsthandwerk überwiegend aus dem Kiez am Klausenerplatz,Arts and crafts mainly from the neighbourhood at Klausenerplatz,52.5211,13.2958,0,1,0,0,0,0,,placeholder.png,"freestocks.org, CC BY-SA 4.0 via Wikimedia Commons"
150,Weihnachtsmarkt in der Linde,Weihnachtsmarkt in der Linde,Homburger Str. 48 / Johannisbeger Str. 15A,Charlottenburg-Wilmersdorf,14197 Berlin,07.12.24,07.12.24,12:00 Uhr - 18.00 Uhr,0,0,0,0,0,12:00-18:00,0,0,0,/,"Wir laden ganz herzlich zu unserem jährlichen Weihnachtsmarkt in der Lindenkirchengemeinde ein.
 Wir bieten an: zahlreiche Kunsthandwerkstände, Bücher & Trödel, Kinder-Karussell, Kaffee & Kuchen, Bratwurst, Punsch, Zuckerwatte u.v.m.
 Zudem gibt es ein musikalisches Angebot in der Kirche und unsere Kita veranstaltet ein Tag der offenen Tür.","We cordially invite you to our annual Christmas market in the Lindenkirchen parish.
 We offer: numerous craft stalls, books & junk, children's carousel, coffee & cake, bratwurst, punch, candy floss and much more.
 There will also be a musical programme in the church and our daycare centre will be holding an open day.",52.4753,13.3106,0,1,0,0,0,1,U Rüdesheimer Platz (Berlin),placeholder.png,"freestocks.org, CC BY-SA 4.0 via Wikimedia Commons"
177,Berliner Wintertraum,Berliner Wintertraum,Schnellerstraße 145,Treptow-Köpenick,12439 Berlin,08.11.24,29.12.24,Vorraussichtlich Mo - Sa 14 - 22 Uhr So & Feiertage 12-22 Uhr,14:00-22:00,14:00-22:00,14:00-22:00,14:00-22:00,14:00-22:00,14:00-22:00,12:00-22:00,0,"25.12.24= 12:00 - 22:00, 26.12.24= 12:00 - 22:00",https://www.berliner-wintertraum.de,"Der neue Weihnachtsmarkt in Berlin - mit den ganz großen Karussells!  Zum ersten Mal findet der Berliner Wintertraum statt und begeistert die Besucher direkt mit aufregenden Attraktionen wie die Riesenschaukel Delirium, der 40 Meter hohe Kettenflieger und der fabrikneue 85 Meter hohe Free-Fall-Tower Mission Impossible. Darüber hinaus gibt es Glühweingärten und viele köstliche Essenstände.","The new Christmas market in Berlin - with the really big carousels!  The Berlin Winter Dream is taking place for the first time and will thrill visitors with exciting attractions such as the Delirium giant swing, the 40 metre high chain flyer and the brand new 85 metre high Mission Impossible free-fall tower. There are also mulled wine gardens and many delicious food stalls.",52.4664,13.4987,0,1,0,0,1,0,,placeholder.png,"freestocks.org, CC BY-SA 4.0 via Wikimedia Commons"
30,Adventsmarkt Hermannswerder,Adventsmarkt Hermannswerder,Hermannswerder 22,Potsdam,14473 Berlin,08.12.24,08.12.24,14:00 - 18:00 Uhr,0,0,0,0,0,0,14:00-18:00,0,0,https://www.hoffbauer-stiftung.de/veranstaltungen/event/adventsmarkt-hermannswerder-2024/,"Im romantischen Lichterschein öffnen sich am 8. Dezember bunte Marktstände. Der vor allem bei Familien beliebte Adventsmarkt lebt von seiner romantischen Stimmung und unterscheidet sich durch die liebevoll bestückten Stände von kommerziellen Märkten. Selbstgebackene Plätzchen und Stollen, internationale Weihnachtsspezialitäten, kreativer Schmuck, Feines und Herzhaftes zum Essen und Trinken, Kunsthandwerk und Geschenkideen bieten die Einrichtungen der Hoffbauer-Stiftung, Kunsthandwerker und soziale Einrichtungen an.  Um 14.00 Uhr musikalischer Gottesdienst, um 16.00 Uhr gemeinsames Singen am Feuer und um 18.00 Uhr Konzert des Evangelischen Gymnasiums Hermannswerder in der Inselkirche.","Colourful market stalls open in the romantic glow of light on 8 December. The Advent market, which is particularly popular with families, is characterised by its romantic atmosphere and differs from commercial markets thanks to its lovingly decorated stalls. Home-baked biscuits and stollen, international Christmas specialities, creative jewellery, delicious and hearty food and drink, handicrafts and gift ideas are offered by the Hoffbauer Foundation, artisans and social institutions.  At 2.00 p.m. there will be a musical service, at 4.00 p.m. singing together by the fire and at 6.00 p.m. a concert by Hermannswerder Protestant Grammar School in the island church.",52.3824,13.034,0,1,0,0,0,0,,placeholder.png,"freestocks.org, CC BY-SA 4.0 via Wikimedia Commons"
6,Weihnachtsmarkt Altstadt Köpenick - Schlossinsel und Schlossplatz,Weihnachtsmarkt Altstadt Köpenick,Schloss Köpenick / Grünstraße 4,Treptow-Köpenick,12557 / 12555 Berlin,13.12.24,15.12.24,"13.12.2024 14:00 – 22:00 Uhr
14.12.2024 12:00 – 22:00 Uhr
15.12.2024 12:00 – 20:00 Uhr",0,0,0,0,14:00 – 22:00,12:00 – 22:00,12:00 – 20:00,,,https://www.laubinger.de,/,/,52.4448,13.5751,0,1,0,0,0,0,,placeholder.png,"freestocks.org, CC BY-SA 4.0 via Wikimedia Commons"
48,Weihnachtsmarkt Königs Wusterhausen,Weihnachtsmarkt Königs Wusterhausen,Kirchplatz,Königs Wusterhausen,15711 Königs Wusterhausen,13.12.24,15.12.24,14:00 - 22:00 Uhr,0,0,0,0,14:00-22:00,14:00-22:00,14:00-22:00,0,0,https://www.hauptstadtkultur.berlin,"Freier Eintritt, Food und Glühweinstände, Handel und Kunsthandwerk u.v.m.","Free admission, food and mulled wine stands, trade and handicrafts and much more.",52.552,13.4594,0,1,0,0,0,0,,placeholder.png,"freestocks.org, CC BY-SA 4.0 via Wikimedia Commons"
24,Weihnachtsmarkt Friedenau,Weihnachtsmarkt Friedenau,Schmiljanstraße zwischen Kaisereiche und Friedrich-Wilhelm-Platz,Tempelhof-Schöneberg,12161 Berlin,13.12.24,15.12.24,"Fr. 14:00 - 22:00 Uhr
Sa. 12:00 - 22:00 Uhr
So. 12:00 - 20:00 Uhr",0,0,0,0,14:00-22:00,12:00-22:00,12:00-20:00,0,0,https://www.haupstadtkultur.berlin,/,/,52.4703,13.3305,0,1,0,0,0,1,U Friedrich-Wilhelm-Platz (Berlin),placeholder.png,"freestocks.org, CC BY-SA 4.0 via Wikimedia Commons"
156,Historische Weihnacht - Friedrichshain,Historische Weihnacht Friedrichshain,Revaler Straße 99 Eingang Höhe Dirschauer Straße,Friedrichshain-Kreuzberg,10245 Berlin,14.11.24,22.12.24,Montag bis Donnerstag: 15:00 Uhr bis 22:00 Uhr Freitag 15:00 Uhr bis 23:00 Uhr Samstag 12:00 Uhr bis 23:00 Uhr Sonntag 12:00 Uhr bis 22:00 Uhr Am 24.11. (Totensonntag) bleibt der Weihnachtsmarkt geschlossen.,15:00-22:00,15:00-22:00,15:00-22:00,15:00-22:00,15:00-23:00,12:00-23:00,12:00-22:00,24.11.2024,0,/,"Die ""Historische Weihnacht"" ist der beliebteste Weihnachtsmarkt in Friedrichshain/Kreuzberg!","The ""Historische Weihnacht"" is the most popular Christmas market in Friedrichshain/Kreuzberg!",52.5082,13.4528,0,1,0,0,0,1,S+U Warschauer Str. (Berlin),placeholder.png,"freestocks.org, CC BY-SA 4.0 via Wikimedia Commons"
54,Wein-Nachtsmarkt am Ludwig-Beck-Platz,Wein-Nachtsmarkt am Ludwig-Beck-Platz,Ludwig-Beck-Platz,Steglitz-Zehlendorf,12203 Berlin,14.12.24,15.12.24,12:00 - 21:00 Uhr,0,0,0,0,0,12:00-21:00,12:00-21:00,0,0,https://www.family-and-friends-ev.de/,/,/,52.4428,13.3121,0,1,0,0,0,0,,placeholder.png,"freestocks.org, CC BY-SA 4.0 via Wikimedia Commons"
87,Weihnacht to go im Kranoldkiez,Weihnacht to go im Kranoldkiez,Kranoldplatz und Umgebung,Steglitz-Zehlendorf,12209 Berlin,14.12.24,14.12.24,14:00 - 19:00 Uhr,0,0,0,0,0,14:00-19:00,0,0,0,https://www.meinlila.de,"Auch in diesem Jahr wird es wieder einen weihnachtlichen Spaziergang durch den Kranoldkiez in Lichterfelde-Ost geben, der von der Standortgemeinschaft „Mein LiLa“ – Lichterfelde/Lankwitz e.V. mit freundlicher Unterstützung der Wirtschaftsförderung Steglitz/Zehlendorf organisiert wird. Mit der Idee, die idyllische Rückseite des Bahnhofes Lichterfelde-Ost mit dem Oberhofer Weg und der Petruskirche zu verbinden, möchte man die Besucher einladen bei einem entspannten Bummel, die beschauliche Atmosphäre im Kiez zu genießen. Kunsthandwerker, Händler, Bastler oder Anbieter kulinarischer Köstlichkeiten werden an festlich geschmückten Marktständen bzw. Verkaufswagen ihre Waren anbieten und viele Geschäfte auf der Route werden bis 19 Uhr geöffnet sein. Ein Bläserchor vor dem Augenoptiker Blickfang um 16 Uhr ist schon eine liebgewonnene Tradition geworden ebenso wie der Gitarrenspieler im Vorgarten der Lebensmittelmanufaktur Kebe sowie die weihnachtliche Blasmusik vor der Galerie Creative Game in der Jägerstraße. Vielleicht finden sich ja auch noch spontan einige junge MusikerInnen, die für eine Hut-Gage etwas zur weihnachtlichen Stimmung beitragen wollen. Für aktualisierte Informationen besuchen sie bitte die Website des Veranstalters: www.meinlila.de","Once again this year, there will be a Christmas stroll through the Kranoldkiez neighbourhood in Lichterfelde-Ost, organised by the ‘Mein LiLa’ - Lichterfelde/Lankwitz e.V. community with the kind support of the Steglitz/Zehlendorf Economic Development Agency. With the idea of connecting the idyllic rear of Lichterfelde-Ost station with Oberhofer Weg and St Peter's Church, the aim is to invite visitors to enjoy the tranquil atmosphere of the neighbourhood during a relaxed stroll. Artisans, traders, craftspeople and vendors of culinary delicacies will be offering their wares at festively decorated market stalls and vendor carts, and many shops along the route will be open until 7 pm. A brass choir in front of the optician Blickfang at 4 pm has already become a cherished tradition, as has the guitar player in the front garden of the Kebe food manufactory and the Christmas brass band music in front of the Creative Game gallery in Jägerstraße. Perhaps some young musicians will spontaneously turn up who would like to contribute to the Christmas atmosphere for a hat fee. For updated information, please visit the organiser's website: www.meinlila.de",52.428,13.3273,0,1,0,0,0,1,S Lichterfelde Ost Bhf (Berlin),placeholder.png,"freestocks.org, CC BY-SA 4.0 via Wikimedia Commons"
39,Weihnachtsmarkt auf der Dicken Linda,Weihnachtsmarkt auf der Dicken Linda,Kranoldplatz,Neukölln,12051 Berlin,14.12.24,14.12.24,10:00 - 18:00,0,0,0,0,0,10:00-18:00,0,0,0,https://www.diemarktplaner.de,/,/,52.428,13.3273,0,1,0,0,0,1,S Lichterfelde Ost Bhf (Berlin),placeholder.png,"freestocks.org, CC BY-SA 4.0 via Wikimedia Commons"
165,WaldWeihnacht 2024 nur als Lichterspaziergang durch den Forstbotanischen Garten,WaldWeihnacht im Forstbotanischen Garten,Schwappachweg 14a,Eberswalde,16225 Eberswalde,14.12.24,22.12.24,täglich 16:00 Uhr bis 19:00 Uhr,16:00-19:00,16:00-19:00,16:00-19:00,16:00-19:00,16:00-19:00,16:00-19:00,16:00-19:00,0,0,/,"Die WaldWeihnacht 2024 Eberswalde wird anders als in den Vorjahren nicht mit einem Programm am 3. Adventswochenende durchgeführt. Es wird nur die Möglichkeit eines Lichterspaziergangs durch den romatisch beleuchteten WaldWeihnachtswald  täglich von 16 - 19 Uhr in der Zeit vom 14.-22.12.2024 geben. Der Eintritt ist frei, um eine Spende wird gebeten.","Unlike in previous years, WaldWeihnacht 2024 Eberswalde will not be held with a programme on the 3rd weekend of Advent. There will only be the possibility of a light walk through the romantically illuminated WaldWeihnacht forest daily from 4 - 7 pm in the period from 14 - 22 December 2024. Admission is free, a donation is welcome.",52.8276,13.8014,0,1,0,0,0,0,,placeholder.png,"freestocks.org, CC BY-SA 4.0 via Wikimedia Commons"
180,Das Weihnachtshaus,Das Weihnachtshaus,Schädestr. 9-13,Zehlendorf,14165 Berlin,15.12.24,15.12.24,15:00 Uhr bis 18:00 Uhr,0,0,0,0,0,0,15:00-18:00,0,0,/,"Am 3. Advent wird die Villa traditionell „Das Weihnachtshaus“. Finden Sie ausgefallene Geschenke an sozialen, bunten Ständen, verzieren Sie mit Ihren Kindern das eigene Hexenhaus oder genießen Sie das besinnliche Kulturprogramm, Stockbrot backen am Lagerfeuer und vieles mehr. Der barrierefreie Adventssonntag für die ganze Familie. Eintritt frei.","On the 3rd Advent, the villa traditionally becomes ‘The Christmas House’. Find unusual gifts at colourful social stalls, decorate your own witch's house with your children or enjoy the contemplative cultural programme, bake bread on a stick around the campfire and much more. The barrier-free Advent Sunday for the whole family. Free admission.",52.4363,13.2573,0,1,0,1,0,0,,placeholder.png,"freestocks.org, CC BY-SA 4.0 via Wikimedia Commons"
138,Weihnachten an der Spree,Weihnachten an der Spree,Stralauer Allee 2,Friedrichshain-Kreuzberg,10245 Berlin,18.11.24,30.12.24,17:00 Uhr bis 22:00 Uhr,17:00-22:00,17:00-22:00,17:00-22:00,17:00-22:00,17:00-22:00,17:00-22:00,17:00-22:00,0,0,https://www.weihnachten-an-der-spree.de/,/,/,52.5007,13.4489,0,1,0,0,0,0,,Weihnachten_anDerSpree.jpg,"Reederei Riedel, CC  Attribution 4.0"
162,Heissa Holzmarkt,Heissa Holzmarkt,Holzmarktstraße 25,Friedrichshain-Kreuzberg,10243 Berlin,21.11.24,22.12.24,"Mittwoch, Donnerstag und Freitag: 16:00 Uhr bis 22:00 Uhr. Samstag, Sonntag: 14:00 Uhr bis 22:00 Uhr",0,0,16:00-22:00,16:00-22:00,16:00-22:00,14:00-22:00,14:00-22:00,"25.11.24, 26.11.24, 02.12.24, 03.12.24, 09.12.24, 10.12.24, 16.12.24, 17.12.24",0,/,"Der Heissa Holzmarkt an der Holzmarktstraße findet seit 2017 statt. Im Mittelpunkt steht ein kunterbuntes Winter-Erlebnis, Leckereien aus aller Welt und ein diverses und buntes Kulturprogramm für klein und groß.
 Das alternative Kreativ-Projekt am Spreeufer verwandelt sich zum Jahresende in ein buntes Künstlerdorf, das als Weihnachtsmarkt nachhaltig und fair zum Verweilen einlädt. Hier erwartet die Gäste eine Mischung aus Kulinarik, Kunsthandwerk und familienfreundlicher Unterhaltung.
 Vielfältige Angebote und kulinarische Genüsse An den Verkaufsständen finden Besucher*Innen handgemachte Seifen, edlen Honig, Designschmuck, Keramikwaren und vieles mehr. Auch kulinarisch wird besonderes geboten: Von Fondue bis Spinatknödel über Käsespätzle bis hin zu Ramen ist für jeden Geschmack etwas dabei. Wer es süß mag, kann frisch gebackene Leckereien genießen, der Glühwein oder Punsch darf dabei nicht fehlen.
Der Heissa Holzmarkt bietet auch ein umfangreiches Programm für Kinder. Kuschelige Orte zum Aufwärmen, ein Mitmachzirkus, ein Retro-Karussell und ein Plätzchenbackworkshop sorgen für Spaß und kreative Entfaltung. Märchenerzähler und Theatervorführungen runden das Angebot ab und garantieren, dass auch die kleinen Besucher*Innen einen unvergesslichen Tag erleben.","The Heissa Holzmarkt on Holzmarktstraße has been taking place since 2017. The focus is on a colourful winter experience, delicacies from all over the world and a diverse and colourful cultural programme for young and old.
 At the end of the year, the alternative creative project on the banks of the Spree is transformed into a colourful artists' village that invites you to linger at a sustainable and fair Christmas market. Guests can expect a mixture of culinary delights, arts and crafts and family-friendly entertainment.
 A wide range of products and culinary delights Visitors can find handmade soaps, fine honey, designer jewellery, ceramics and much more at the stalls. Culinary delights are also on offer: From fondue to spinach dumplings and cheese spaetzle to ramen, there is something for every taste. Those with a sweet tooth can enjoy freshly baked treats, with mulled wine or punch also on offer.
The Heissa Holzmarkt also offers an extensive programme for children. Cosy places to warm up, a hands-on circus, a retro carousel and a biscuit baking workshop ensure fun and creative development. Storytellers and theatre performances round off the offer and guarantee that even the youngest visitors will have an unforgettable day.",52.5124,13.4264,0,1,0,0,1,0,,placeholder.png,"freestocks.org, CC BY-SA 4.0 via Wikimedia Commons"
57,Weihnachten in Westend,Weihnachten in Westend,Preußenallee,Charlottenburg-Wilmersdorf,14052 Berlin,21.12.24,22.12.24,12:00 - 21:00 Uhr,0,0,0,0,0,12:00-21:00,12:00-21:00,0,0,https://www.family-and-friends-ev.de/,/,/,52.5126,13.2593,0,1,0,0,0,0,,placeholder.png,"freestocks.org, CC BY-SA 4.0 via Wikimedia Commons"
27,Rudower Weihnachtsmeile,Rudower Weihnachtsmeile,Alt-Rudow,Neukölln,12357 Berlin,21.12.24,22.12.24,12:00 - 21:00 Uhr,0,0,0,0,0,12:00-21:00,12:00-21:00,0,0,https://www.haupstadtkultur.berlin,"Freier Eintritt, Kinderkarussell, Food und Glühweinstände, Handel und Kunsthandwerk u.v.m.","Free admission, children's carousel, food and mulled wine stands, trade and handicrafts and much more.",52.4192,13.4936,0,1,0,0,1,1,U Rudow (Berlin),Weihnachtsmarkt_Rudow.jpg,Lisa S.
51,Weihnachtsmarkt „An der Bölschestraße“,Weihnachtsmarkt „An der Bölschestraße“,Auf dem Marktplatz Friedrichshagen,Treptow-Köpenick,12587 Berlin,21.12.24,22.12.24,12:00 - 22:00 Uhr,0,0,0,0,0,12:00-22:00,12:00-22:00,0,0,https://www.hauptstadtkultur.berlin,"Kleiner Weihnachtsmarkt mit Glühweintreff - Leckereien - Kinderfahrgeschäft
Eintritt frei!","Small Christmas market with mulled wine - treats - children's ride
Free admission!",52.3002,13.6257,0,1,0,0,1,0,,placeholder.png,"freestocks.org, CC BY-SA 4.0 via Wikimedia Commons"
3,17. Berliner Weihnachtszeit vor dem Roten Rathaus - Berlin Mitte,17. Berliner Weihnachtszeit vor dem Roten Rathaus,"Berlin Mitte – Platz vor dem Roten Rathaus 
Spandauer Straße Ecke Rathaus Straße, 10178 Berlin",Mitte,10178 Berlin,25.11.24,30.12.24,Montag bis Freitag 12:00 Uhr – 22:00 Uhr Samstag und Sonntag 11:00 Uhr – 22:00 Uhr Heiligabend geschlossen Ausnahmeregelung: 25.12.2024 12:00 Uhr – 21:00 Uhr 26.12.2024 12:00 Uhr – 21:00 Uhr 30.12.2024 12:00 Uhr – 20:00 Uhr,12:00 - 22:00,12:00 - 22:00,12:00 - 22:00,12:00 - 22:00,12:00 - 22:00,11:00 - 22:00,11:00 - 22:00,24.12.24,"25.12.24= 12:00 -21:00, 26.12.24= 12:00 -21:00, 30.12.24= 12:00 - 20:00",https://www.berliner-weihnachtszeit.de,"Eislaufbahn um den Neptunbrunnen
Eislaufzeiten: täglich – (ab Marktbeginn)
Laufzeit 12:00 Uhr (Sa u. So ab 11.15 Uhr) – 13:30 Uhr
Laufzeit 14:00 Uhr – 15:30 Uhr
Laufzeit 16:00 Uhr – 17:30 Uhr
Laufzeit 18:00 Uhr – 19:30 Uhr
Laufzeit 20:00 Uhr – 21:30 Uhr
Preis für eine Laufzeit Eislaufen 5,00 €
1 Paar Schlittschuhe für eine Laufzeit 3,00 €
Laufhilfe (Pinguin, Bär) eine Laufzeit 5,00 € zzgl. Kaution
 Weihnachtsmann auf dem Hochseil täglich 16.30 Uhr, 18.30 Uhr und 20.30 Uhr","Ice skating around the Neptune Fountain
Ice skating times: daily - (from the start of the market)
Running time 12:00 (Sat and Sun from 11.15) - 13:30
Running time 14:00 - 15:30
Running time 16:00 - 17:30
Running time 18:00 - 19:30
Running time 20:00 - 21:30
Price for one skating session 5,00 €
1 pair of skates for one session € 3.00
Walking aid (penguin, bear) for one session € 5.00 plus deposit
Father Christmas on the tightrope daily at 4.30 pm, 6.30 pm and 8.30 pm",52.5186,13.4084,0,0,0,0,1,1,"U Klosterstr. (Berlin), U Rotes Rathaus (Berlin), S+U Alexanderplatz Bhf (Berlin)",Christmas_market_Rotes_Rathaus_Berlin.jpg,"Leonhard Lenz, CC Zero, Public Domain Dedication"
186,Weihnachtsmarkt Berlin by der Weinlobbyist,Weihnachtsmarkt Berlin by der Weinlobbyist,Kolonnenstr. 62,Tempelhof-Schöneberg,10827 Berlin,25.11.24,31.12.24,17:00 Uhr bis 22:00 Uhr,17:00-22:00,17:00-22:00,17:00-22:00,17:00-22:00,17:00-22:00,17:00-22:00,17:00-22:00,0,0,https://www.derweinlobbyist.de/weihnachtsmarkt-berlin,"Findet auf dem Innenhof der Weinbar ""der Weinlobbyist"" statt. 10 hochwertige Winzerglühweine und kreative Speisen. Geeignet für Gruppen und exklusive Veranstaltungen.",Takes place in the courtyard of the wine bar ‘der Weinlobbyist’. 10 high-quality mulled wines and creative dishes. Suitable for groups and exclusive events.,52.4871,13.3585,0,1,0,0,0,1,"S Julius-Leber-Brücke (Berlin), U Kleistpark (Berlin)",placeholder.png,"freestocks.org, CC BY-SA 4.0 via Wikimedia Commons"
12,Weihnachtsmarkt Tempelhofer Hafen,Weihnachtsmarkt Tempelhofer Hafen,Tempelhofer Damm 227,Tempelhof-Schöneberg,12099 Berlin,25.11.24,30.12.24,11:00 - 21:00 Uhr,11:00-21:00,11:00-21:00,11:00-21:00,11:00-21:00,11:00-21:00,11:00-21:00,11:00-21:00,0,0,https://www.haupstadtkultur.berlin,"Eintritt Frei, Kinderkarussell, Food und Glühweinstände, Handel und Kunsthandwerk uvm.","Free admission, children's carousel, food and mulled wine stands, trade and handicrafts and much more.",52.4553,13.3878,0,1,0,0,0,1,U Ullsteinstr. (Berlin),Weihnachtsmarkt_Tempelhofer_Hafen.jpg,"Dguendel, CC BY 4.0 via Wikimedia Commons"
15,Weihnachtsmarkt Hallen am Borsigturm,Weihnachtsmarkt Hallen am Borsigturm,Am Borsigturm 2,Reinickendorf,13507 Berlin,25.11.24,30.12.24,11:00 - 21:00 Uhr,11:00-21:00,11:00-21:00,11:00-21:00,11:00-21:00,11:00-21:00,11:00-21:00,11:00-21:00,0,0,https://www.haupstadtkultur.berlin,"Eintritt frei!
Mit Glühweintreff - Live Musik - Leckereien","Free admission!
With mulled wine - live music - treats",52.586,13.2867,0,1,0,0,0,1,"U Alt-Tegel (Berlin), S Tegel (Berlin)",Eingang_HallenAmBorsigturm.jpg,"Aiken Hartenfels, CC Attribution-Share Alike 3.0 de"
42,Weihnachtsmarkt Helle/Mitte,Weihnachtsmarkt Helle/Mitte,Alice-Salomon-Platz,Marzahn-Hellersdorf,12627 Berlin,25.11.24,30.12.24,11:00 - 22:00 Uhr,11:00-22:00,11:00-22:00,11:00-22:00,11:00-22:00,11:00-22:00,11:00-22:00,11:00-22:00,0,0,https://www.hauptstadtkultur.berlin,"Weihnachtsrummel:
Fahrgeschäfte - Imbiss - Glühweintreff
Eintritt frei!","Christmas hype:
Rides - snack bar - mulled wine
Free admission!",52.5368,13.6041,0,1,0,0,0,1,U Hellersdorf (Berlin),placeholder.png,"freestocks.org, CC BY-SA 4.0 via Wikimedia Commons"
141,Wintermarkt Schloßplatz Berlin Mitte,Wintermarkt Schloßplatz Berlin Mitte,Schloßplatz 1,Mitte,10178 Berlin,25.11.24,01.01.25,11:00 Uhr - 22:00 Uhr,11:00-22:00,11:00-22:00,11:00-22:00,11:00-22:00,11:00-22:00,11:00-22:00,11:00-22:00,0,0,https://wintermarkt-schlossplatz.de/,/,/,52.5174,13.4029,0,1,0,0,0,1,"U Museumsinsel (Berlin), U Rotes Rathaus (Berlin)",placeholder.png,"freestocks.org, CC BY-SA 4.0 via Wikimedia Commons"
135,Lauenburger Veranstaltungen,Lauenburger Veranstaltungen,"Fußgängerzone, Willmersdorferstraße zwischen Schillerstraße und Krumme Straße",Charlottenburg-Wilmersdorf,10625 Berlin,25.11.24,28.12.24,"Montags bis Samstag,  11:00 Uhr bis 20:00 Uhr
 Sonntags 12:00 Uhr bis 19:00 Uhr
 Heiligabend 10:00 Uhr bis 14:00 Uhr
 Am 25.12.2024 und 26.12.2024 bleibt der Weihnachtsmarkt geschlossen",11:00-20:00,11:00-20:00,11:00-20:00,11:00-20:00,11:00-20:00,11:00-20:00,12:00-19:00,"25.12.24, 26.12.24",24.12.24= 10:00 - 14:00,/,/,/,52.5103,13.3096,0,1,0,0,0,1,"U Bismarckstr. (Berlin), U Deutsche Oper (Berlin)",placeholder.png,"freestocks.org, CC BY-SA 4.0 via Wikimedia Commons"
132,Spandauer Weihnachtsmarkt,Spandauer Weihnachtsmarkt,Altstadt Spandau,Spandau,13597 Berlin,25.11.24,22.12.24,"Sonntag bis Donnerstag 11:00 - 20:00 Uhr
Freitag bis Samstag 11:00 - 22:00 Uhr",11:00-20:00,11:00-20:00,11:00-20:00,11:00-20:00,11:00 - 22:00,11:00-22:00,11:00-20:00,0,0,https://www.spandauer-weihnachtsmarkt.de,"Hier ist Weihnachten zu Hause. Im Advent wird die Spandauer Altstadt wieder vom Duft gebrannter Mandeln, gegrillter Bratwurst und köstlichem Glühwein durchzogen. Kinderaugen strahlen beim Anblick bunter Zuckerwatte und die Herzen schlagen schneller bei Jung und Alt, wenn sie dem Weihnachtsmann begegnen.
 Vom Rathaus Spandau bis zur Kirche St. Nikolai, sowie auf dem Marktplatz bieten Kunsthandwerker und Händler Ihre Waren zum Stöbern, Staunen und natürlich zum Verkauf an. Auf dem südlichen Teil des Reformationsplatzes an der Kirche St. Nikolai findet wieder der beliebte mittelalterliche Teil des Weihnachtsmarktes seinen Platz.
 In Berlins größter zusammenhängenden Fußgängerzone mit seinen fast 120 Einzelhandelsgeschäften und drei Kaufhäusern, sowie den Spandau Arcaden, die fußläufig nur wenige Minuten entfernt sind, lässt sich der Weihnachtsmarktbesuch vortrefflich mit der Suche nach den schönsten Überraschungen zum Weihnachtsfest für die Lieben kombinieren.
Verkehrstechnisch ist der Spandauer Weihnachtsmarkt hervorragend angebunden. Zwischen den beiden U-Bahnhöfen Altstadt Spandau und Rathaus Spandau der Linie 7 gelegen, in unmittelbarer Nähe des Fern- und Regionalbahnhofs Spandau mit den Anschlüssen der S-Bahn, Regional- und Fernbahn, sowie unterschiedlichsten Buslinien, findet jeder Besucher seine optimale Verbindung mit dem ÖPNV. Und wer doch nicht auf das eigene Fahrzeug verzichten möchte, der hat die freie Wahl bei fast 5.000 Stellplätzen auf drei Parkplätzen und vier Parkhäusern, die rund um die Altstadt Spandau angesiedelt sind.
 Geöffnet ist der Spandauer Weihnachtsmarkt vom 27. November bis 23. Dezember täglich ab 11 Uhr und der Eintritt ist an allen Tagen frei.
 Der Spandauer Weihnachtsmarkt freut sich auf Sie!
 Spandauer Weihnachtsmarkt 2024 25.11.2023 – 22.12.2024
 Öffnungszeiten: Sonntag bis Donnerstag 11 - 20 Uhr Freitag und Samstag 11 - 22 Uhr","Christmas is at home here. During Advent, the smell of roasted almonds, grilled sausages and delicious mulled wine once again pervades Spandau's old town centre. Children's eyes light up at the sight of colourful candy floss and the hearts of young and old beat faster when they meet Father Christmas.
 From Spandau Town Hall to St Nicholas' Church, as well as on the market square, artisans and traders offer their wares for browsing, marvelling and, of course, for sale. The popular medieval section of the Christmas market will once again take place on the southern part of Reformation Square by St Nikolai's Church.
 In Berlin's largest connected pedestrian zone with its almost 120 retail shops and three department stores, as well as the Spandau Arcaden, which are only a few minutes' walk away, a visit to the Christmas market can be perfectly combined with the search for the best Christmas surprises for your loved ones.
The Spandau Christmas market has excellent transport connections. Located between the two underground stations Altstadt Spandau and Rathaus Spandau on line 7, in the immediate vicinity of the Spandau long-distance and regional railway station with connections to the S-Bahn, regional and long-distance railway, as well as a wide variety of bus lines, every visitor will find the ideal public transport connection. And for those who don't want to do without their own car, there are almost 5,000 parking spaces in three car parks and four multi-storey car parks located around Spandau Old Town.
 The Spandau Christmas Market is open daily from 27 November to 23 December from 11 a.m. and admission is free on all days.
 The Spandau Christmas Market is looking forward to seeing you!
 Spandau Christmas Market 2024 25.11.2023 - 22.12.2024
 Opening hours: Sunday to Thursday 11 am - 8 pm Friday and Saturday 11 am - 10 pm",52.5375,13.2036,0,1,0,0,0,1,"S+U Rathaus Spandau (Berlin), U Altstadt Spandau (Berlin)",Spandau_Weihnachtsmarkt.jpg,"Colin Smith, CC BY-SA 2.0 via Wikimedia Commons"
69,Lucia Weihnachtsmarkt in der Kulturbrauerei 2024,Lucia Weihnachtsmarkt in der Kulturbrauerei,Schönhauser Allee 36,Pankow,10435 Berlin,25.11.24,22.12.24,"Mo-Fr 15:00 - 22:00 Uhr
Sa-So 13:00 - 22:00 Uhr",15:00-22:00,15:00-22:00,15:00-22:00,15:00-22:00,15:00-22:00,13:00 - 22:00,13:00 - 22:00,0,0,https://www.lucia-weihnachtsmarkt.de/,Der Eintritt ist frei.,Free admission.,52.5383,13.4129,0,1,1,0,0,0,,Lucia_Weihnachtsmarkt.jpg,"Auto1234, CC BY-SA 3.0 via Wikimedia Commons"
123,Weihnachtsmarkt am Schloss Charlottenburg,Weihnachtsmarkt am Schloss Charlottenburg,"Schloss Charlottenburg , Spandauer Damm 20-24",Charlottenburg-Wilmersdorf,14059 Berlin,25.11.24,29.12.24,"Mo-Do: 13:00 - 22:00 Uhr
Fr-So: 12:00 - 22:00 Uhr
Heilig Abend geschlossen
1./2. Weihnachtsfeiertag 12:00 - 22:00 Uhr",13:00-22:00,13:00-22:00,13:00-22:00,13:00-22:00,12:00 - 22:00,12:00 - 22:00,12:00 - 22:00,24.12.24,"25.12.24 = 12:00 - 22:00, 26.12.24 = 12:00 - 22:00",https://www.schloss-weihnachtsmarkt.de,"Der Einritt ist frei.
Seit 2023 ist Jens Schmidt von der Jens Schmidt GmbH aus Velten neuer Veranstalter vom ""Weihnachtsmarkt am Schloss Charlottenburg"". 
 Alle Gäste des Marktes werden mit vielen Attraktionen besinnlich auf die Weihnachtszeit eingestimmt, können in eine Welt voller festlicher Freude eintauchen und den Zauber der Weihnacht erleben. Ob große Weihnachtspyramide, weihnachtliche Verkaufshäuschen, edle Pagodenzelte, Kinderkarussells oder aufwändige Licht-Installationen – eine Symphonie aus Licht, weihnachtlichem Glanz, Unterhaltung und Kunsthandwerk sorgt für unvergessliche Momente. Es gibt schöne Geschenkideen und liebevoll Selbstgemachtes, ebenso eine große Auswahl an kulinarischen Köstlichkeiten passend zur Weihnachtszeit.","Admission is free.
Jens Schmidt from Jens Schmidt GmbH in Velten has been the new organiser of the ‘Christmas Market at Charlottenburg Palace’ since 2023. 
 All visitors to the market will be put in the mood for the festive season with many attractions, can immerse themselves in a world full of festive joy and experience the magic of Christmas. Whether it's a large Christmas pyramid, festive sales huts, elegant pagoda tents, children's carousels or elaborate light installations - a symphony of light, Christmas glamour, entertainment and arts and crafts ensures unforgettable moments. There are beautiful gift ideas and lovingly home-made products, as well as a large selection of culinary delicacies to suit the Christmas season.",52.5199,13.2933,0,1,0,0,1,0,,Weihnachtsmarkt_Schloss_Charlottenburg.jpg,"Heidi zu Klampen, CC BY-SA 3.0 via Wikimedia Commons"
174,Weihnachtsmarkt an der Kaiser-Wilhelm-Gedächtniskirche,Weihnachtsmarkt an der Kaiser-Wilhelm-Gedächtniskirche,Breitscheidplatz,Charlottenburg-Wilmersdorf,10719 Berlin,25.11.24,05.01.25,"Voraussichtlich (noch in Klärung): 
 Täglich von 11 bis 21 Uhr freitags & samstags: 11 bis 22 Uhr 24. -26. Dezember noch in Klärung
 31. Dezember + 1. Januar noch in Klärung",11:00-21:00,11:00-21:00,11:00-21:00,11:00-21:00,11:00-22:00,11:00-22:00,11:00-21:00,0,0,https://www.schaustellerverband-berlin.de/weihnachtsmarkt-berlin.html,/,/,52.5049,13.3366,0,1,0,0,0,1,"U Kurfürstendamm (Berlin), S+U Zoologischer Garten Bhf (Berlin)",weihnachtsmarkt_Breitscheidplatz.jpg,"Ralf Roletschek, GFDL 1.2 via Wikimedia Commons"
96,Adventsmarkt im Rathaus Charlottenburg,Adventsmarkt im Rathaus Charlottenburg,Otto-Suhr-Allee 100,Charlottenburg-Wilmersdorf,10585 Berlin,27.11.24,27.11.24,11:00-14:00,0,0,11:00-14:00,0,0,0,0,0,0,/,Die seit 2007 durchgeführte Veranstaltung ändert ihren Namen von Nikolausmarkt in Adventsmarkt. Ansonsten ändert sich wenig: Beschäftigungs- und Bildungsträger verkaufen von den Teilnehmenden hergestellte Adventsdekoration und Geschenkartikel aus Holz und Textil und stellen dabei ihre Angebote und Projekte im Bezirk vor.  Es entsteht ein buntes Angebot für die eigene Einstimmung in die Adventszeit.,"The event, which has been held since 2007, changes its name from Nikolausmarkt to Adventsmarkt. Otherwise, little changes: employment and education providers sell Advent decorations and gift items made from wood and textiles by the participants and present their programmes and projects in the district.  The result is a colourful offer to get you in the mood for the Advent season.",52.5171,13.3082,0,1,0,0,0,1,U Richard-Wagner-Platz (Berlin),placeholder.png,"freestocks.org, CC BY-SA 4.0 via Wikimedia Commons"
126,Schwedischer Weihnachtsbasar,Schwedischer Weihnachtsbasar,Landhausstr. 26-28,Charlottenburg-Wilmersdorf,10717 Berlin,29.11.24,01.12.24,"Freitag, 29.11.: 16:00 - 20:00 Uhr
Samstag, 30.11.: 12:00 - 19:00 Uhr
Sonntag, 01.12.: 12:00 -18:00 Uhr",0,0,0,0,16:00-20:00,12:00-19:00,12:00-18:00,0,0,https://www.svenskakyrkan.se/berlin/nyheter/weihnachtsbasar-der-schwedische-kirche,/,/,52.4874,13.3285,0,1,0,0,0,1,U Berliner Str. (Berlin),placeholder.png,"freestocks.org, CC BY-SA 4.0 via Wikimedia Commons"
45,Weihnachtsmarkt Pankow,Weihnachtsmarkt Pankow,Tschaikowskistraße 1 (Am Schloss Schönhausen),Pankow,13156 Berlin,29.11.24,01.12.24,11:00 - 21:00 Uhr,0,0,0,0,11:00-21:00,11:00-21:00,11:00-21:00,0,0,https://www.hauptstadtkultur.berlin,"Kunsthandwerk, Leckereien, Glühwein Bar & Live Musik","Handicrafts, treats, mulled wine bar & live music",52.5783,13.4058,0,1,0,0,0,0,,placeholder.png,"freestocks.org, CC BY-SA 4.0 via Wikimedia Commons"
18,Weihnachtsmarkt Alt-Marzahn,Weihnachtsmarkt Alt-Marzahn,Alt-Marzahn 32,Marzahn-Hellersdorf,12685 Berlin,29.11.24,01.12.24,12:00 - 22:00 Uhr,0,0,0,0,12:00-22:00,12:00-22:00,12:00-22:00,0,0,https://www.haupstadtkultur.berlin,"Kunsthandwerk, Leckereien, Glühwein Bar & Live Musik","Handicrafts, treats, mulled wine bar & live music",52.5433,13.5594,0,1,0,0,0,0,,placeholder.png,"freestocks.org, CC BY-SA 4.0 via Wikimedia Commons"
153,Umwelt- und Weihnachtsmarkt in der Sophienstraße,Umwelt- und Weihnachtsmarkt in der Sophienstraße,Sophienstraße,Mitte,10178 Berlin,30.11.24,22.12.24,Samstags 12:00 Uhr bis 20:00 Uhr Sonntags 11:00 Uhr bis 19:00 Uhr,0,0,0,0,0,12:00 - 20:00,11:00 - 19:00,"02.12.24, 03.12.24, 04.12.24, 05.12.24, 06.12.24, 09.12.24, 10.12.24, 11.12.24, 12.12.24, 13.12.24, 16.12.24, 17.12.24, 18.12.24, 19.12.24, 20.12.24",0,/,"Direkt neben den Hackeschen Höfen in einer der ältesten Straßen von Berlin, erwartet Sie ein außergewöhnliches Angebot an einzigartiger Designer- und Künstlerware. Das einmalige Konzept wurde bereits 1996 mit dem 1.Preis des Umweltwettbewerbs honoriert und hebt sich von den anderen Weihnachtsmärkten der Stadt wohltuend ab. 
 Von trendig-hippem Berliner Design- und Kunsthandwerk über Naturwaren höchster Bio-Güte bis hin zu den verschiedensten Gegenständen aus fairem Handel. Hier findet jeder Besucher sein individuelles Geschenk!
 Seit über 20 Jahren in Berlin und über die Stadtgrenzen hinaus bekannt!","Right next to the Hackesche Höfe in one of Berlin's oldest streets, you can expect an extraordinary range of unique designer and artist goods. The unique concept was honoured with the 1st prize in the environmental competition back in 1996 and stands out from the other Christmas markets in the city. 
 From trendy, hip Berlin design and arts and crafts to natural goods of the highest organic quality and a wide variety of fair trade items. Every visitor will find their individual gift here!
 Well-known in Berlin and beyond for over 20 years!",52.4432,13.3042,0,1,0,0,0,0,,Christmas_market_Sophienstraße_Berlin.jpg,"Leonhard Lenz, CC Zero, Public Domain Dedication"
159,"Der ""etwas andere"" Weihnachtsmarkt","Der ""etwas andere"" Weihnachtsmarkt","Naturparkzentrum Hoher Fläming, Brennereiweg 45",,14823 Rabenstein/Fläming,30.11.24,01.12.24,12:00 Uhr bis 18:00 Uhr,0,0,0,0,0,12:00-18:00,12:00-18:00,0,0,/,"Wenn Glühweinduft in die Nase steigt, ein wärmendes Lagerfeuer in der Feuerschale knistert oder der Weihnachtsmann Gedichten und Liedern lauscht … dann ist wieder Weihnachtsmarkt in Raben! In diesem Jahr lädt der Naturparkverein Hoher Fläming bereits 26. Mal am ersten Adventswochenende zu diesem besonderen Familien-Weihnachtsmarkt rund um das Naturparkzentrum nach Raben ein. Hier kann man seine Weihnachtsgeschenke nicht nur kaufen - sondern auch selber basteln! Die Anreise ist bequem mit der Burgenlinie möglich. Fünf Mal am Tag, passend zu den Zügen aus Richtung Berlin und Potsdam, fährt der Bus vom Bahnhof Bad Belzig durch den Naturpark Hoher Fläming und wieder zurück zum Bahnhof.","When the smell of mulled wine fills your nose, a warming campfire crackles in the fire bowl or Father Christmas listens to poems and songs ... then it's Christmas market time again in Raben! This year, for the 26th time, the Hoher Fläming Nature Park Association invites you to this special family Christmas market on the first weekend of Advent around the nature park centre in Raben. Here you can not only buy your Christmas presents - but also make them yourself! It's easy to get here on the ""Burgenlinie"". Five times a day, to coincide with the trains from Berlin and Potsdam, the bus runs from Bad Belzig railway station through the Hoher Fläming Nature Park and back to the station.",52.0443,12.5762,0,1,0,0,0,0,,placeholder.png,"freestocks.org, CC BY-SA 4.0 via Wikimedia Commons"
120,„Bunt in eine besinnliche Zeit – Wir leben Weihnachten“,„Bunt in eine besinnliche Zeit – Wir leben Weihnachten“,Bahnhofstr. 32,Pankow,13129 Berlin,30.11.24,30.11.24,15:00 - 18:00 Uhr,0,0,0,0,0,15:00-18:00,0,0,0,https://www.ass-berlin.org/,"Unter dem Motto „Bunt in eine besinnliche Zeit – Wir leben Weihnachten“ findet am 30.November auf dem festlich beleuchteten Stiftungsgelände in Berlin-Blankenburg der Albert Schweitzer Stiftung - Wohnen & Betreuen der beliebte Adventsbasar statt. von 15 bis 18 Uhr will die Stiftung mit den Nutzer*innen, Mitarbeitenden, Ehrenamtlichen und Besucher*innen stimmungsvoll Vielfalt und Toleranz feiern. Ein festliches Bühnenprogramm, viele Mitmach-Aktionen für jung und alt sorgen für weihnachtliche Atmosphäre. An den geschmückten Ständen werden Besucher*innen auf der Suche nach individuellen Geschenken fündig. Für die kleinen Weihnachts-Fans stehen unter anderem Kinderkarussell und -eisenbahn bereit. Auch das kulinarische Angebot lässt keine Wünsche offen.","Under the motto ‘Colourful in a contemplative time - We live Christmas’, the popular Advent bazaar will take place on 30 November on the festively illuminated foundation grounds in Berlin-Blankenburg of the Albert Schweitzer Stiftung - Wohnen & Betreuen. From 3 pm to 6 pm, the foundation wants to celebrate diversity and tolerance with users, employees, volunteers and visitors. A festive stage programme and lots of hands-on activities for young and old will create a Christmassy atmosphere. Visitors looking for personalised gifts will find what they are looking for at the decorated stands. There is also a children's carousel and railway for younger Christmas fans. The culinary offerings also leave nothing to be desired.",52.5913,13.4489,0,1,0,0,1,1,S Blankenburg (Berlin),placeholder.png,"freestocks.org, CC BY-SA 4.0 via Wikimedia Commons"
33,Prenzlauer Weihnachtsmarkt,Prenzlauer Weihnachtsmarkt,Marktberg,,"17291 Prenzlau ",30.11.24,15.12.24,Mo-Fr: 14.00 Uhr - 20.00 Uhr Samstag: 12.00 Uhr - 22.00 Uhr Sonntag: 12.00 Uhr - 18.00 Uhr,14:00-20:00,14:00-20:00,14:00-20:00,14:00-20:00,14:00-20:00,12:00-22:00,12:00-18:00,0,0,https://www.prenzlau.eu,Freier Eintritt.,Free admission.,53.3132,13.8575,0,1,0,0,0,0,,placeholder.png,"freestocks.org, CC BY-SA 4.0 via Wikimedia Commons"
9,Alt-Buckower Adventsmarkt,Alt-Buckower Adventsmarkt,Alt-Buckow 36-38,Neukölln,12349 Berlin,30.11.24,30.11.24,"13:30 Uhr Eröffnungsandacht
14:00 - 22:00 Uhr Fest",0,0,0,0,0,13:30-22:00,0,0,0,https://www.dorfkirche-alt-buckow.de,/,/,52.4219,13.4309,0,1,0,0,0,0,,placeholder.png,"freestocks.org, CC BY-SA 4.0 via Wikimedia Commons"
195,Kunsthandwerklicher ADVENT am Karl-August-Platz,Kunsthandwerklicher ADVENT am Karl-August-Platz,Karl-August-Platz,Charlottenburg-Wilmersdorf,10625 Berlin,01.12.24,01.12.24,11:00 Uhr bis 18:00 Uhr,0,0,0,0,0,0,11:00-18:00,0,0,https://www.family-and-friends-ev.de/kunsthandwerklicher-advent-am-1-und-8-dezember-2024,/,/,52.5083,13.3101,0,1,0,0,0,1,"U Wilmersdorfer Str. (Berlin), U Deutsche Oper (Berlin)",placeholder.png,"freestocks.org, CC BY-SA 4.0 via Wikimedia Commons"
198,Kunsthandwerklicher ADVENT in der Leonhardtstrasse,Kunsthandwerklicher ADVENT in der Leonhardtstrasse,Leonhardtstraße,Charlottenburg-Wilmersdorf,14057 Berlin,08.12.24,08.12.24,11:00 Uhr bis 18:00 Uhr,0,0,0,0,0,0,11:00-18:00,0,0,https://www.family-and-friends-ev.de/8-dezember-kunsthandwerklicher-advent-in-der-leonhardtstrasse,/,/,52.5053,13.297,0,1,0,0,0,1,S Charlottenburg Bhf (Berlin),placeholder.png,"freestocks.org, CC BY-SA 4.0 via Wikimedia Commons"
192,Liebenberger Weihnachtsmarkt 2024 I Weihnachtszauber auf Schloss & Gut Liebenberg,Weihnachtszauber auf Schloss & Gut Liebenberg,Parkweg 1a,Brandenburg,16775 Löwenberger Land,30.11.24,22.12.24,"Freitags: 17:00 Uhr bis 20:00 Uhr
Samstags und Sonntags: 12:00 Uhr bis 19:00 Uhr",0,0,0,0,17:00-20:00,12:00-19:00,12:00-19:00,"02.12.24, 03.12.24, 04.12.24, 05.12.24, 09.12.24, 10.12.24, 11.12.24, 12.12.24, 16.12.24, 17.12.24, 18.12.24, 19.12.24",0,https://www.schloss-liebenberg.de/liebenberger-weihnachtsmarkt/,"Eintauchen in festlichen Lichterglanz vor einzigartiger, historischer Kulisse.","Immerse yourself in the festive glow of lights in a unique, historic setting.",52.895,13.2592,0,1,0,0,0,0,,Schloss_und_Gut_Liebenberg.jpeg,"Sebastian Wallroth, CC BY 3.0"
